{"cameraMode":{"drawMode":0,"name":"Shaded","section":"Shading Mode"},"sceneLighting":false,"audioPlay":false,"sceneViewState":{"m_AlwaysRefresh":false,"showFog":true,"showSkybox":false,"showFlares":true,"showImageEffects":true,"showParticleSystems":true,"showVisualEffectGraphs":true,"m_FxEnabled":true},"in2DMode":false,"pivot":{"x":-0.5554041862487793,"y":1.5036407709121705,"z":-0.041410163044929507},"rotation":{"x":-0.02318187616765499,"y":0.8762253522872925,"z":-0.04236302152276039,"w":-0.47947973012924197},"size":1.0661962032318116,"orthographic":false}